城市,编号
北京,101010100
上海,101020100
天津,101030100
重庆,101040100
哈尔滨,101050100
长春,101060100
沈阳,101070100
呼和浩特,101080100
石家庄,101090100
太原,101100100
西安,101110100
济南,101120100
乌鲁木齐,101130100
拉萨,101140100
西宁,101150100
兰州,101160100
银川,101170100
郑州,101180100
南京,101190100
武汉,101200100
杭州,101210100
合肥,101220100
福州,101230100
南昌,101240100
长沙,101250100
贵阳,101260100
成都,101270100
广州,101280100
昆明,101290100
南宁,101300100
海口,101310100
